ID,Year_Birth,Education,Marital_Status,Income,Kidhome,Teenhome,Dt_Customer,Recency,MntWines,MntFruits,MntMeatProducts,MntFishProducts,MntSweetProducts,MntGoldProds,NumDealsPurchases,NumWebPurchases,NumCatalogPurchases,NumStorePurchases,NumWebVisitsMonth,AcceptedCmp3,AcceptedCmp4,AcceptedCmp5,AcceptedCmp1,AcceptedCmp2,Complain,Z_CostContact,Z_Revenue,Response
2304,1963,PhD,Together,66313.0,0,1,2013-09-16,86,625,7,99,10,22,7,2,6,3,12,4,0,0,0,0,0,0,3,11,0
10928,1958,Graduation,Together,66886.0,0,1,2013-09-16,28,315,4,62,41,31,146,2,7,1,7,5,0,0,0,0,0,0,3,11,0
7373,1952,PhD,Divorced,46610.0,0,2,2012-10-29,8,96,12,96,33,22,43,6,4,1,6,6,0,0,0,0,0,0,3,11,1
4643,1973,Graduation,Married,27803.0,1,0,2012-08-26,40,8,26,46,38,9,49,2,3,0,4,8,0,0,0,0,0,0,3,11,0
3885,1983,PhD,Married,33569.0,1,0,2013-10-16,10,16,2,18,3,0,24,1,1,1,2,8,1,0,0,0,0,0,3,11,1
7959,1961,Graduation,Married,79410.0,0,0,2014-05-29,19,658,80,483,123,13,13,1,3,2,5,1,0,0,0,0,0,0,3,11,0
8086,1959,Graduation,Married,42243.0,1,1,2013-12-11,34,48,0,2,0,0,5,2,2,0,3,7,0,0,0,0,0,0,3,11,0
7789,1965,PhD,Married,84618.0,0,0,2013-11-22,96,684,100,801,21,66,0,1,6,9,10,2,0,0,1,0,0,0,3,11,0
8897,1965,Graduation,Single,42720.0,1,1,2013-04-24,9,392,5,91,28,26,112,8,7,3,7,8,0,0,0,0,0,0,3,11,1
10010,1953,PhD,Divorced,36957.0,1,1,2012-09-06,43,100,2,16,2,1,31,4,3,2,2,9,0,0,0,0,0,0,3,11,1
10364,1959,Graduation,Divorced,23295.0,0,0,2013-07-13,72,0,0,1,2,12,5,1,1,0,2,8,0,0,0,0,0,0,3,11,0
6521,1954,Graduation,Together,77972.0,0,0,2014-03-18,18,613,22,319,33,102,12,1,4,6,9,1,0,0,0,0,0,0,3,11,0
10699,1985,Graduation,Married,44322.0,1,0,2014-06-16,30,46,0,40,3,0,3,2,3,0,3,8,0,0,0,0,0,0,3,11,0
158,1945,PhD,Together,71604.0,0,0,2013-11-17,3,345,53,528,98,75,97,1,8,3,5,4,1,0,0,0,0,0,3,11,1
4094,1961,Graduation,Married,60544.0,1,1,2012-08-25,92,201,2,43,3,5,35,4,5,1,5,6,0,0,0,0,0,0,3,11,0
4066,1978,2n Cycle,Divorced,21282.0,1,0,2014-05-11,76,1,5,8,4,8,20,2,2,1,2,6,0,0,0,0,0,0,3,11,0
6182,1984,Graduation,Together,26646.0,1,0,2014-02-10,26,11,4,20,10,3,5,2,2,0,4,6,0,0,0,0,0,0,3,11,0
2634,1979,Master,Single,16653.0,1,0,2014-04-18,10,5,7,31,15,4,7,3,2,1,3,6,0,0,0,0,0,0,3,11,1
5794,1974,PhD,Married,46374.0,0,1,2014-03-17,1,408,0,21,0,0,17,3,7,1,7,8,0,1,0,1,0,0,3,11,1
1818,1971,PhD,Together,29732.0,1,0,2014-03-25,23,25,0,8,0,1,4,1,2,0,2,9,0,0,0,0,0,0,3,11,0
9242,1990,Graduation,Single,64509.0,0,0,2013-08-17,19,836,185,575,24,25,77,1,6,3,9,4,1,0,0,0,0,0,3,11,1
1041,1973,PhD,Single,48432.0,0,1,2012-10-18,3,322,3,50,4,3,42,5,7,1,6,8,0,0,0,0,0,0,3,11,1
8207,1957,2n Cycle,Married,53233.0,0,1,2014-03-18,18,28,0,9,3,0,0,1,1,0,3,4,0,0,0,0,0,0,3,11,0
5536,1959,Graduation,Together,87771.0,0,1,2013-05-22,61,1492,38,287,50,57,33,1,5,10,4,6,0,1,1,1,1,0,3,11,1
10032,1976,Graduation,Divorced,12571.0,1,0,2014-01-18,86,3,5,14,2,12,17,4,3,1,3,6,0,0,0,0,0,0,3,11,0
1506,1975,Graduation,Single,42160.0,1,1,2013-06-28,26,48,9,45,3,15,20,4,2,1,4,6,0,0,0,0,0,0,3,11,1
5429,1948,PhD,Married,45579.0,0,1,2013-08-20,10,145,1,33,2,1,1,1,4,1,4,6,0,0,0,0,0,0,3,11,0
624,1984,Master,Single,18890.0,0,0,2012-11-10,5,6,4,1,7,2,15,1,0,1,2,6,1,0,0,0,0,0,3,11,1
10675,1956,PhD,Married,66334.0,0,1,2013-04-03,82,909,11,218,0,0,23,2,9,3,5,5,0,0,0,0,0,0,3,11,1
7422,1987,Graduation,Single,46923.0,1,0,2012-08-22,90,85,44,54,102,78,6,3,5,1,7,7,0,0,0,0,0,0,3,11,0
8652,1946,Graduation,Together,37760.0,0,0,2012-08-31,20,84,5,38,150,12,28,2,4,1,6,7,0,0,0,0,0,0,3,11,0
1175,1983,Master,Married,36262.0,0,0,2013-09-20,24,88,39,54,64,28,153,1,3,5,3,6,1,0,0,0,0,0,3,11,1
4086,1959,Graduation,Married,18690.0,0,0,2012-12-28,77,6,1,7,23,4,19,1,1,1,2,8,0,0,0,0,0,0,3,11,0
7366,1982,Master,Single,75777.0,0,0,2013-07-04,12,712,26,538,69,13,80,1,3,6,11,1,0,1,1,0,0,0,3,11,1
6663,1940,PhD,Single,51141.0,0,0,2013-07-08,96,144,0,7,0,0,6,1,3,1,4,5,0,0,0,0,0,0,3,11,0
1087,1975,Master,Together,22669.0,1,0,2013-05-22,30,16,14,36,37,22,48,3,4,1,2,9,0,0,0,0,0,0,3,11,1
2552,1955,PhD,Single,55521.0,1,2,2013-10-22,11,416,0,26,0,0,4,9,6,3,6,7,0,1,0,0,0,0,3,11,1
9216,1971,Graduation,Married,35788.0,1,1,2014-01-23,34,23,2,11,3,1,4,2,2,0,3,6,0,0,0,0,0,0,3,11,0
5430,1956,Graduation,Together,54450.0,1,1,2012-09-14,0,454,0,171,8,19,32,12,9,2,8,8,0,0,0,0,0,0,3,11,0
10281,1970,Graduation,Divorced,64713.0,1,0,2014-02-07,11,180,60,241,13,54,54,2,5,5,7,4,0,0,0,0,0,0,3,11,1
6770,1985,Graduation,Married,21355.0,1,0,2013-08-20,5,5,13,14,0,5,31,2,2,1,2,6,1,0,0,0,0,0,3,11,1
1618,1965,Graduation,Together,56046.0,0,0,2013-01-02,9,577,0,64,0,0,51,2,10,1,8,8,1,0,0,0,0,0,3,11,1
6349,1987,Master,Divorced,61787.0,0,0,2013-07-06,71,621,73,414,78,48,85,1,8,4,6,5,0,0,0,0,0,0,3,11,0
2724,1981,Master,Single,36143.0,1,0,2014-03-30,33,12,0,1,0,0,6,1,0,1,2,3,0,0,0,0,0,0,3,11,0
9757,1972,Graduation,Together,84906.0,0,0,2013-10-04,98,997,15,414,99,30,76,1,5,6,12,2,0,1,1,0,1,0,3,11,0
7118,1957,Graduation,Married,73803.0,0,1,2012-08-01,61,833,80,363,52,26,174,2,9,5,6,6,1,0,0,0,0,0,3,11,1
7030,1955,PhD,Married,66465.0,0,1,2013-03-30,1,1200,0,204,38,29,14,3,11,9,12,6,0,0,0,1,0,0,3,11,0
8362,1982,PhD,Married,84169.0,0,0,2013-08-07,9,1478,19,403,0,19,0,1,7,6,6,3,0,1,1,0,0,0,3,11,1
1581,1980,Graduation,Married,37406.0,1,0,2013-10-10,18,2,0,8,2,2,3,1,1,0,2,8,0,0,0,0,0,0,3,11,1
49,1970,Graduation,Single,20587.0,1,0,2014-05-11,39,2,3,6,4,1,9,1,1,1,2,7,0,0,0,0,0,0,3,11,0
5294,1989,Graduation,Single,18358.0,1,0,2013-11-20,49,6,8,19,16,4,4,3,3,0,4,7,0,0,0,0,0,0,3,11,0
3766,1959,Master,Widow,33051.0,0,0,2012-08-16,15,100,71,243,108,94,219,3,9,1,8,9,0,0,0,0,0,0,3,11,1
7807,1974,Graduation,Married,44989.0,0,1,2012-09-12,26,98,0,106,49,10,106,5,5,1,5,6,0,0,0,0,0,0,3,11,0
10837,1975,Graduation,Married,23957.0,1,0,2012-10-28,47,2,1,18,20,11,16,1,2,0,3,6,0,0,0,0,0,0,3,11,1
10832,1958,Graduation,Together,46610.0,0,0,2013-07-18,4,288,10,30,4,10,125,1,6,1,6,6,0,0,0,0,0,0,3,11,0
9197,1953,Graduation,Married,39722.0,0,1,2014-02-24,92,32,0,5,2,0,8,2,2,0,3,5,0,0,0,0,0,0,3,11,0
10727,1970,PhD,Married,69084.0,1,0,2013-11-19,43,1181,107,199,39,30,30,2,7,3,13,8,0,0,0,0,0,0,3,11,0
3547,1969,Master,Together,41021.0,1,0,2012-12-30,12,14,7,9,6,16,12,2,2,0,3,6,0,0,0,0,0,0,3,11,1
10150,1961,Graduation,Single,86429.0,0,0,2013-11-21,10,464,28,873,29,18,37,0,7,4,7,2,0,0,0,1,0,0,3,11,1
10341,1948,Graduation,Together,51315.0,0,0,2014-02-23,45,68,28,39,16,30,41,1,2,2,5,2,0,0,0,0,0,0,3,11,0
5342,1976,Basic,Divorced,9548.0,1,0,2012-08-08,31,0,1,3,10,6,9,2,1,0,3,8,0,0,0,0,0,0,3,11,0
9703,1970,PhD,Married,38097.0,1,1,2012-10-15,70,77,2,35,0,1,69,4,3,2,2,7,1,0,0,0,0,0,3,11,1
9094,1955,2n Cycle,Married,62972.0,0,1,2012-08-03,39,313,15,47,20,0,192,2,7,4,3,6,0,0,0,0,0,0,3,11,1
8443,1972,Graduation,Single,24762.0,1,0,2014-02-10,16,6,10,12,3,15,40,3,3,1,2,8,1,0,0,0,0,0,3,11,1
5176,1988,Graduation,Together,29604.0,1,0,2013-12-08,88,7,6,13,7,6,14,1,1,0,3,9,1,0,0,0,0,0,3,11,0
4692,1976,Graduation,Married,7500.0,1,0,2012-08-01,19,7,0,12,13,7,32,5,4,1,2,9,1,0,0,0,0,0,3,11,1
10779,1983,Graduation,Single,22148.0,0,0,2014-04-13,16,15,5,14,0,4,11,1,1,0,3,7,0,0,0,0,0,0,3,11,0
999,1991,Graduation,Single,86037.0,0,0,2013-01-02,95,490,44,125,29,20,22,1,6,7,11,3,0,1,1,0,0,0,3,11,1
905,1986,Graduation,Divorced,21846.0,1,0,2013-10-22,38,7,17,18,6,10,26,4,4,0,3,8,0,0,0,0,0,0,3,11,0
5093,1974,PhD,Divorced,25509.0,1,0,2012-09-18,15,40,3,30,10,7,11,3,3,0,3,9,0,0,0,0,0,0,3,11,1
5995,1962,Graduation,Divorced,39552.0,1,1,2012-12-18,54,165,3,147,4,24,41,7,6,2,5,8,0,0,0,0,0,0,3,11,1
564,1981,PhD,Together,56937.0,1,0,2012-08-04,81,746,8,125,11,8,8,7,8,6,9,6,0,1,0,0,0,0,3,11,1
10513,1992,Graduation,Together,63207.0,0,0,2013-01-20,68,438,169,565,91,169,70,1,2,3,6,7,0,0,0,1,0,0,3,11,0
1715,1978,Graduation,Together,25851.0,1,0,2013-02-11,45,9,4,18,7,5,5,2,2,0,3,7,0,0,0,0,0,0,3,11,0
3865,1977,2n Cycle,Together,20981.0,0,0,2013-04-30,14,2,12,10,6,13,30,1,3,1,2,8,0,0,0,0,0,0,3,11,1
3697,1954,Graduation,Together,39898.0,0,1,2013-02-12,20,69,8,26,12,7,12,2,3,0,4,7,0,0,0,0,0,0,3,11,0
1577,1946,Graduation,Married,78569.0,0,0,2014-02-19,14,558,79,622,207,175,95,1,4,6,4,1,0,0,1,0,0,0,3,11,1
6261,1979,Graduation,Married,58025.0,0,1,2013-11-26,81,270,31,88,11,48,22,3,3,2,10,4,0,0,0,0,0,0,3,11,0
8341,1969,PhD,Married,30396.0,1,0,2014-04-30,22,15,0,6,0,1,12,2,1,1,2,7,1,0,0,0,0,0,3,11,1
7532,1980,Graduation,Married,43586.0,0,1,2012-08-30,26,99,2,11,4,0,16,3,3,0,4,8,0,0,0,0,0,0,3,11,0
5092,1949,PhD,Widow,51569.0,0,1,2013-02-12,39,380,0,47,6,0,34,4,7,1,7,8,0,1,0,0,0,0,3,11,1
2620,1974,PhD,Married,34596.0,1,0,2013-04-13,48,14,0,2,0,0,7,1,1,0,2,8,0,0,0,0,0,0,3,11,1
1045,1965,Graduation,Together,52117.0,0,1,2012-08-16,55,112,10,107,30,0,20,2,5,2,4,7,0,0,0,0,0,0,3,11,0
9790,1957,Graduation,Single,78499.0,0,0,2013-11-23,12,912,72,170,47,36,97,1,11,3,4,4,0,0,1,0,0,0,3,11,1
78,1969,Graduation,Married,25293.0,1,0,2013-09-15,51,15,0,11,0,2,9,1,1,1,2,8,0,0,0,0,0,0,3,11,0
8910,1955,Graduation,Together,42586.0,1,1,2012-10-29,7,194,2,56,0,0,0,5,4,1,6,8,0,0,0,0,0,0,3,11,1
263,1945,PhD,Single,45576.0,0,0,2014-05-28,9,56,19,29,2,14,25,1,3,1,3,8,0,0,0,0,0,0,3,11,1
3972,1976,Graduation,Together,50200.0,1,1,2013-04-03,70,266,6,51,8,6,64,6,7,1,5,8,0,0,0,0,0,0,3,11,0
4216,1981,Graduation,Single,91065.0,0,0,2013-02-22,33,822,114,108,179,137,114,1,7,9,9,3,0,0,1,1,0,0,3,11,1
7872,1975,PhD,Married,86836.0,0,0,2012-09-12,7,179,21,273,0,21,63,1,6,10,6,5,1,0,1,1,0,0,3,11,1
5621,1969,Graduation,Married,48752.0,1,1,2012-12-12,8,73,57,100,71,15,0,5,6,1,5,9,0,0,0,0,0,0,3,11,1
6460,1982,Graduation,Married,28718.0,1,0,2013-07-13,78,12,4,6,11,8,16,2,2,0,3,8,0,0,0,0,0,0,3,11,0
5080,1993,Graduation,Single,70515.0,0,0,2013-10-21,12,420,0,452,182,64,140,1,6,6,4,2,0,0,0,0,0,0,3,11,1
955,1962,Master,Together,47175.0,1,1,2012-10-28,81,167,2,44,6,2,19,7,4,2,4,8,1,0,0,0,0,0,3,11,1
7793,1976,Graduation,Together,62061.0,0,1,2013-08-31,12,641,7,84,0,30,38,3,10,4,7,6,0,1,0,0,0,0,3,11,0
5049,1974,PhD,Together,30351.0,1,0,2013-06-06,19,14,0,24,3,3,2,1,3,0,2,9,0,0,0,0,0,0,3,11,0
10882,1976,Graduation,Married,53858.0,0,1,2012-11-09,50,407,53,221,58,150,26,4,4,3,6,4,0,0,0,0,0,0,3,11,0
977,1957,Graduation,Together,47320.0,0,1,2013-08-01,10,200,19,111,50,15,19,6,5,1,8,6,0,0,0,0,0,0,3,11,0
1250,1976,Graduation,Single,37697.0,1,0,2014-02-07,82,34,6,21,11,4,8,1,2,1,3,6,0,0,0,0,0,0,3,11,0
7734,1993,Graduation,Absurd,79244.0,0,0,2012-12-19,58,471,102,125,212,61,245,1,4,10,7,1,0,0,1,1,0,0,3,11,1
5031,1974,Graduation,Together,83145.0,0,0,2012-09-22,14,777,35,731,39,137,114,1,5,9,11,2,0,0,1,0,0,0,3,11,1
3690,1986,Master,Married,80141.0,0,0,2013-01-11,20,1184,102,673,52,40,40,1,7,4,10,6,0,0,1,0,0,0,3,11,1
2055,1973,PhD,Divorced,35860.0,1,1,2014-05-19,37,15,0,8,4,2,20,2,1,1,2,5,1,0,0,0,0,0,3,11,0
2563,1961,Basic,Married,28249.0,0,0,2014-06-15,80,1,9,7,2,14,10,1,2,0,3,6,0,0,0,0,0,0,3,11,0
6248,1947,Master,Single,91712.0,0,0,2013-10-17,47,1276,24,746,94,29,48,0,9,7,11,3,0,0,1,0,0,0,3,11,1
10617,1989,Master,Divorced,10979.0,0,0,2014-05-22,34,8,4,10,2,2,4,2,3,0,3,5,0,0,0,0,0,0,3,11,0
8162,1956,Master,Together,14661.0,0,0,2013-01-01,88,4,1,11,6,2,2,1,1,0,3,6,0,0,0,0,0,0,3,11,0
5512,1977,Master,Married,55842.0,0,1,2014-05-23,19,451,0,39,0,4,24,1,7,1,8,5,0,0,0,0,0,0,3,11,0
4789,1953,Graduation,Together,80812.0,0,0,2013-09-17,95,769,22,500,210,143,33,1,4,8,5,2,1,0,1,1,0,0,3,11,0
8015,1962,PhD,Divorced,85696.0,0,0,2013-05-03,88,714,76,395,116,0,12,1,4,6,9,1,0,0,0,0,0,0,3,11,1
4827,1956,PhD,Single,54998.0,0,1,2013-03-10,3,154,22,202,39,30,8,5,4,2,9,4,0,0,0,0,0,0,3,11,1
6141,1972,Master,Single,49494.0,1,0,2013-04-25,46,191,9,97,0,6,82,2,6,1,5,7,0,0,0,0,0,0,3,11,0
7875,1949,Graduation,Married,72025.0,0,0,2014-04-29,46,967,0,617,43,50,0,1,4,8,13,2,0,1,1,1,0,0,3,11,1
7527,1968,Master,Divorced,23748.0,1,0,2012-11-21,97,6,6,29,12,15,8,3,2,1,3,8,0,0,0,0,0,0,3,11,0
9121,1972,Graduation,Married,80134.0,1,0,2013-05-20,40,1218,16,272,104,0,80,2,5,3,6,6,0,1,1,1,0,0,3,11,1
1388,1975,Graduation,Single,33249.0,1,0,2013-02-20,11,6,10,21,19,14,42,2,2,1,3,6,0,0,0,0,0,0,3,11,0
9365,1976,PhD,Single,60000.0,0,1,2012-12-22,57,1048,0,217,0,0,12,5,11,3,5,6,0,0,0,0,0,0,3,11,0
3698,1983,Graduation,Together,78687.0,0,0,2012-08-09,13,817,185,687,145,55,241,1,4,6,8,2,0,0,1,0,0,0,3,11,1
8537,1949,Graduation,Widow,72643.0,0,0,2013-02-27,60,526,80,553,123,94,53,1,3,10,7,2,0,0,0,1,0,0,3,11,1
271,1969,Graduation,Widow,40590.0,1,1,2013-10-02,30,154,0,50,6,11,37,5,3,4,3,6,1,0,0,0,0,0,3,11,0
7446,1967,Master,Together,62513.0,0,1,2013-09-09,16,520,42,98,0,42,14,2,6,4,10,6,0,0,0,0,0,0,3,11,0
4673,1963,PhD,Married,81300.0,0,1,2012-10-30,17,1004,12,145,32,12,36,3,10,3,5,5,0,0,0,1,0,0,3,11,1
9323,1949,Master,Together,49912.0,0,1,2012-09-07,5,520,8,223,32,49,42,4,10,5,7,8,1,0,0,0,0,0,3,11,1
1772,1975,PhD,Married,79174.0,0,0,2013-01-11,2,1074,37,518,193,92,129,1,5,6,7,2,0,0,1,1,0,0,3,11,1
7381,1968,Graduation,Divorced,75693.0,0,0,2012-12-06,10,797,153,293,72,97,30,1,11,4,6,4,0,1,1,1,0,0,3,11,1
5062,1963,PhD,Married,54072.0,1,1,2013-07-27,71,35,0,4,0,0,0,1,2,0,2,8,0,0,0,0,0,0,3,11,0
10413,1984,Graduation,Married,72570.0,0,0,2014-04-25,67,274,83,216,151,141,224,1,4,6,12,1,0,0,0,0,0,0,3,11,0
6292,1986,PhD,Married,82333.0,0,0,2013-03-30,60,1311,0,359,46,89,17,1,4,3,10,2,0,0,1,0,0,0,3,11,1
4947,1966,2n Cycle,Single,89572.0,0,0,2012-09-15,44,606,24,974,197,194,64,1,7,7,9,4,0,1,0,1,0,0,3,11,1
5136,1973,Graduation,Single,65333.0,0,1,2014-01-17,58,654,7,92,0,15,30,7,9,4,8,6,0,1,1,0,0,0,3,11,0
4608,1987,Graduation,Divorced,81361.0,0,0,2014-02-25,18,163,23,424,27,65,76,1,3,10,13,1,0,0,0,0,0,0,3,11,1
7433,1985,Graduation,Single,29760.0,1,0,2012-08-29,87,64,4,68,7,5,17,4,3,1,4,8,0,0,0,0,0,0,3,11,0
8486,1971,Master,Together,30538.0,1,0,2012-10-01,27,284,0,52,8,3,20,4,9,0,4,10,0,0,0,0,0,0,3,11,0
6906,1953,Master,Widow,84953.0,0,0,2013-06-03,73,167,48,602,63,72,72,1,3,10,4,2,0,1,1,1,0,0,3,11,1
5740,1970,2n Cycle,Divorced,25959.0,1,1,2013-02-14,1,4,2,12,7,5,26,2,1,2,2,6,0,0,0,0,0,0,3,11,1
590,1970,Master,Divorced,78579.0,0,0,2012-12-22,35,816,66,549,216,66,99,1,5,6,4,3,0,0,0,0,0,0,3,11,1
4114,1964,Master,Married,79143.0,0,0,2012-08-11,2,650,37,780,27,167,32,1,6,9,13,3,0,0,0,0,0,0,3,11,0
1665,1964,PhD,Divorced,64140.0,0,2,2013-09-23,71,1459,0,61,0,15,215,5,2,5,6,5,1,0,1,0,1,0,3,11,1
10478,1950,PhD,Married,55517.0,1,1,2012-09-27,53,483,0,108,0,6,36,5,11,1,6,9,0,0,0,0,0,0,3,11,1
6768,1962,Graduation,Divorced,37859.0,1,2,2013-01-12,75,22,1,8,2,1,2,2,1,0,3,8,0,0,0,0,0,0,3,11,0
3340,1977,Graduation,Married,42014.0,1,0,2012-08-17,56,244,15,108,4,15,50,6,7,1,6,8,0,0,0,0,0,0,3,11,1
203,1975,Master,Single,81169.0,0,0,2013-04-14,47,1288,20,613,80,61,27,1,5,7,9,2,0,0,0,0,0,0,3,11,0
7270,1981,Graduation,Divorced,56981.0,0,0,2014-01-25,91,908,48,217,32,12,24,1,2,3,13,6,0,1,0,0,0,0,3,11,0
4376,1960,2n Cycle,Single,32218.0,0,0,2014-02-15,27,10,24,15,13,1,30,1,2,1,3,7,1,0,0,0,0,0,3,11,1
6355,1978,Graduation,Married,44359.0,1,1,2014-06-17,19,20,0,14,7,3,1,3,2,0,4,3,0,0,0,0,0,0,3,11,0
10242,1966,PhD,Together,47472.0,1,1,2013-09-16,39,56,0,11,0,0,8,2,2,0,4,5,0,0,0,0,0,0,3,11,0
10240,1949,Graduation,Together,69372.0,0,0,2013-02-19,10,997,26,269,34,13,42,1,10,4,6,4,0,1,1,0,0,0,3,11,1
6931,1967,Graduation,Divorced,76982.0,0,0,2014-02-15,19,464,151,292,65,60,30,1,8,3,4,4,0,0,1,0,0,0,3,11,1
7348,1958,PhD,Single,71691.0,0,0,2014-03-17,0,336,130,411,240,32,43,1,4,7,5,2,0,0,0,0,0,0,3,11,1
7919,1976,PhD,Together,72335.0,0,0,2012-08-13,2,1285,105,653,28,21,0,1,10,4,8,8,0,0,0,0,0,0,3,11,1
6347,1979,Basic,Single,15862.0,1,0,2013-06-27,26,1,1,4,11,9,10,1,1,0,3,8,0,0,0,0,0,0,3,11,0
2495,1974,Master,Married,83891.0,0,1,2014-06-20,24,217,38,350,111,85,15,1,4,7,10,1,0,0,0,0,0,0,3,11,0
7788,1983,PhD,Married,23536.0,1,0,2014-06-04,53,6,0,3,0,0,1,1,0,0,3,3,0,0,0,0,0,0,3,11,0
6019,1971,PhD,Married,37126.0,1,0,2014-03-30,9,45,3,9,4,4,7,1,1,2,2,6,1,0,0,0,0,0,3,11,1
1241,1984,2n Cycle,Married,14796.0,1,0,2012-09-17,1,13,3,8,7,4,16,2,1,0,3,9,0,0,0,0,0,0,3,11,1
146,1960,PhD,Single,76045.0,0,0,2013-11-15,78,760,53,400,17,93,0,1,4,5,11,2,0,0,0,1,0,0,3,11,0
3559,1988,2n Cycle,Married,16248.0,1,0,2014-05-10,77,12,11,10,3,12,9,3,2,1,3,6,0,0,0,0,0,0,3,11,0
8524,1974,PhD,Divorced,25509.0,1,0,2012-09-18,15,40,3,30,10,7,11,3,3,0,3,9,0,0,0,0,0,0,3,11,1
4817,1956,Graduation,Divorced,22304.0,0,0,2012-08-04,91,3,2,7,0,4,2,1,1,0,2,8,0,0,0,0,0,0,3,11,0
2853,1980,Graduation,Single,51766.0,1,0,2014-03-11,74,60,51,87,6,20,51,2,4,2,4,5,0,0,0,0,0,0,3,11,0
8405,1979,Graduation,Divorced,68274.0,1,1,2013-09-30,83,135,25,51,23,25,46,2,4,2,5,3,0,0,0,0,0,0,3,11,0
10260,1965,Master,Together,45143.0,0,1,2013-08-26,74,202,5,74,11,5,14,3,6,1,5,7,0,0,0,0,0,0,3,11,0
1524,1983,2n Cycle,Single,81698.0,0,0,2013-03-01,1,709,45,115,30,160,45,1,8,2,5,5,0,0,0,1,0,0,3,11,1
4122,1975,Graduation,Married,79205.0,0,0,2012-08-29,73,504,23,117,179,28,44,1,6,5,4,4,0,0,0,1,0,0,3,11,1
2324,1972,Graduation,Together,77044.0,0,1,2013-10-27,12,625,38,242,50,34,76,2,7,11,11,4,1,0,0,0,0,0,3,11,0
7851,1949,Graduation,Widow,70165.0,0,0,2013-09-22,60,161,0,253,199,191,122,1,3,7,11,1,0,0,0,0,0,0,3,11,0
2557,1970,Master,Single,29548.0,1,0,2013-08-29,52,7,1,6,3,1,11,1,1,1,2,4,1,0,0,0,0,0,3,11,0
5547,1982,PhD,Married,84169.0,0,0,2013-08-07,9,1478,19,403,0,19,0,1,7,6,6,3,0,1,1,0,0,0,3,11,1
3645,1972,PhD,Single,27213.0,1,0,2012-08-30,19,19,3,26,10,9,3,3,2,0,4,8,0,0,0,0,0,0,3,11,1
143,1970,Graduation,Single,61209.0,0,0,2013-08-25,73,466,0,224,119,49,99,1,5,3,4,2,0,0,0,0,0,0,3,11,0
2295,1954,PhD,Married,62670.0,0,1,2014-02-02,57,539,30,92,80,46,38,1,5,3,13,3,0,0,0,0,0,0,3,11,0
2114,1946,PhD,Single,82800.0,0,0,2012-11-24,23,1006,22,115,59,68,45,1,7,6,12,3,0,0,1,1,0,0,3,11,1
10095,1975,PhD,Divorced,74165.0,0,0,2013-05-01,9,1001,12,240,16,12,12,1,5,4,10,2,0,0,0,0,0,0,3,11,0
6250,1949,PhD,Widow,54356.0,0,1,2012-11-19,62,710,15,30,20,0,0,3,11,2,8,8,0,0,0,0,0,0,3,11,1
9316,1952,Basic,Together,13084.0,0,0,2013-11-02,29,2,0,7,3,7,10,1,1,0,3,6,0,0,0,0,0,0,3,11,0
9478,1985,Graduation,Single,66503.0,1,0,2012-08-14,30,91,64,128,65,3,50,2,4,3,6,3,0,0,0,0,0,0,3,11,0
898,1986,Graduation,Married,23477.0,1,0,2013-10-21,39,38,15,54,3,8,29,3,3,0,4,8,0,0,0,0,0,0,3,11,0
830,1987,PhD,Single,74004.0,0,0,2014-02-24,5,784,48,560,42,176,48,1,4,6,4,3,0,0,1,1,0,0,3,11,1
9010,1972,Master,Married,83151.0,0,0,2013-02-10,80,968,147,842,137,42,210,1,5,7,10,2,1,0,1,1,0,0,3,11,1
2937,1974,PhD,Single,68352.0,0,1,2013-08-28,47,614,16,132,43,33,33,3,8,5,9,6,0,0,0,0,0,0,3,11,0
1619,1956,Graduation,Married,90369.0,0,0,2014-04-28,2,292,51,981,224,23,17,1,4,6,6,1,0,0,0,0,0,0,3,11,1
3032,1984,Graduation,Married,24570.0,1,0,2013-02-27,97,28,34,62,11,14,44,3,4,0,4,9,0,0,0,0,0,0,3,11,0
8143,1985,PhD,Single,37929.0,0,0,2013-07-30,49,202,2,46,3,2,10,2,4,2,5,7,0,1,0,1,0,0,3,11,1
1010,1977,Graduation,Together,46931.0,2,1,2014-04-24,94,41,0,17,3,1,16,2,1,1,3,3,0,0,0,0,0,0,3,11,0
10133,1970,Graduation,Single,93790.0,0,0,2014-02-12,16,1302,68,731,89,114,45,0,6,7,12,2,0,1,1,1,0,0,3,11,1
6853,1982,Master,Single,75777.0,0,0,2013-07-04,12,712,26,538,69,13,80,1,3,6,11,1,0,1,1,0,0,0,3,11,1
202,1948,PhD,Widow,82032.0,0,0,2014-04-05,54,332,194,377,149,125,57,0,4,6,7,1,0,0,0,0,0,0,3,11,0
1165,1958,PhD,Single,50729.0,1,1,2013-05-02,62,239,13,143,45,4,52,9,6,2,7,6,0,0,0,0,0,0,3,11,0
10509,1955,Master,Single,36927.0,1,1,2014-06-02,46,51,0,16,0,0,4,2,3,0,3,8,0,0,0,0,0,0,3,11,0
339,1972,PhD,Married,57091.0,0,1,2012-11-23,82,462,0,24,6,0,4,2,9,2,5,7,0,1,0,0,0,0,3,11,1
8870,1984,Graduation,Together,35196.0,1,0,2012-11-13,68,75,12,141,43,39,187,6,6,1,5,8,0,0,0,0,0,0,3,11,1
10232,1963,PhD,Divorced,48799.0,0,1,2013-11-05,9,174,18,81,28,6,24,3,3,2,7,3,0,0,0,0,0,0,3,11,0
1745,1962,PhD,Divorced,85696.0,0,0,2013-05-03,88,714,76,395,116,0,12,1,4,6,9,1,0,0,0,0,0,0,3,11,1
6379,1949,Master,Widow,47570.0,1,1,2013-05-29,3,67,1,20,0,2,31,3,2,2,2,7,0,0,0,0,0,0,3,11,1
9493,1980,PhD,Single,76412.0,0,0,2013-05-05,15,840,53,804,23,71,17,1,5,4,8,3,0,0,1,1,0,0,3,11,1
4119,1963,Master,Together,38620.0,0,0,2013-05-11,56,112,17,44,34,22,89,1,2,5,3,3,0,0,0,0,0,0,3,11,0
1891,1980,Master,Divorced,78789.0,0,0,2012-08-08,12,667,50,850,21,83,83,1,4,6,5,2,0,0,0,0,0,0,3,11,1
2008,1978,Graduation,Married,77583.0,0,0,2014-02-10,93,372,23,384,250,12,108,1,4,5,9,2,0,0,0,1,0,0,3,11,0
5204,1971,Graduation,Together,74538.0,0,0,2013-06-29,21,380,98,733,110,112,28,1,8,8,5,3,0,0,1,0,0,0,3,11,1
6036,1959,Master,Together,89120.0,0,0,2014-03-17,78,1168,92,408,72,129,55,1,5,6,7,1,0,0,1,0,0,0,3,11,0
9185,1966,PhD,Single,69759.0,0,0,2013-10-28,38,452,20,514,13,30,0,3,4,6,5,3,0,0,0,0,0,0,3,11,1
4669,1981,Basic,Married,24480.0,1,0,2013-02-11,46,4,19,9,28,25,17,3,3,0,4,7,0,0,0,0,0,0,3,11,0
11133,1973,PhD,YOLO,48432.0,0,1,2012-10-18,3,322,3,50,4,3,42,5,7,1,6,8,0,0,0,0,0,0,3,11,1
3887,1970,Graduation,Single,27242.0,1,0,2012-11-11,2,3,17,26,20,1,39,2,2,0,3,9,0,0,0,0,0,0,3,11,1
1612,1981,PhD,Single,,1,0,2013-05-31,82,23,0,15,0,2,7,2,3,0,3,6,0,0,0,0,0,0,3,11,0
380,1954,Graduation,Divorced,64497.0,0,1,2012-09-10,17,1170,48,320,42,32,192,5,11,4,9,8,1,0,0,0,0,0,3,11,1
11039,1975,Graduation,Married,51948.0,0,1,2013-09-17,51,82,33,54,71,30,41,2,5,2,4,5,0,0,0,0,0,0,3,11,0
7124,1968,Graduation,Divorced,36997.0,1,1,2013-02-01,72,43,4,12,8,0,27,5,2,1,4,5,0,0,0,0,0,0,3,11,0
2948,1954,Master,Divorced,62637.0,0,1,2014-03-01,76,104,12,48,4,12,5,1,2,2,5,2,0,0,0,0,0,0,3,11,0
1131,1967,PhD,Single,52569.0,0,1,2014-04-05,54,85,0,3,0,0,7,1,2,0,4,3,0,0,0,0,0,0,3,11,0
5287,1973,Graduation,Married,34961.0,1,0,2014-06-19,77,45,2,26,4,1,1,3,3,1,3,7,0,0,0,0,0,0,3,11,0
1012,1952,Graduation,Single,61823.0,0,1,2013-02-18,26,523,7,134,37,14,169,4,8,2,10,7,0,0,0,0,0,0,3,11,0
9826,1972,PhD,Single,86857.0,0,0,2012-09-12,96,899,102,838,133,102,40,1,5,6,10,2,0,0,0,0,0,0,3,11,1
7187,1969,Master,Together,,1,1,2013-05-18,52,375,42,48,94,66,96,7,4,10,4,3,0,0,0,0,0,0,3,11,0
2457,1975,Basic,Married,30801.0,0,1,2012-10-26,23,8,4,5,15,2,11,2,1,0,3,7,0,0,0,0,0,0,3,11,0
1173,1947,Master,Together,77632.0,0,0,2013-03-10,73,1200,105,758,0,42,147,1,4,2,6,2,0,1,1,0,0,0,3,11,1
1404,1968,Graduation,Together,34916.0,2,0,2013-05-15,89,51,23,82,33,0,42,4,5,1,3,9,0,0,0,0,0,0,3,11,0
10701,1973,Graduation,Married,65308.0,0,0,2013-09-11,60,713,0,264,120,80,34,1,7,8,12,4,0,0,1,1,0,0,3,11,0
2632,1954,Graduation,Married,50501.0,1,1,2013-06-18,10,297,0,38,13,0,152,7,5,4,4,6,1,0,0,0,0,0,3,11,1
1553,1946,Graduation,Together,82657.0,0,0,2013-09-27,71,966,168,672,246,105,126,1,7,5,10,4,0,1,0,1,0,0,3,11,0
10505,1960,Master,Together,73113.0,0,0,2013-12-26,86,741,19,154,50,9,28,1,3,4,7,2,0,0,0,0,0,0,3,11,0
5748,1965,Graduation,Married,59754.0,0,1,2012-12-01,96,115,27,44,4,146,139,3,5,2,6,5,0,0,0,0,0,0,3,11,1
4188,1957,Graduation,Single,36864.0,0,1,2012-08-13,53,204,5,39,17,0,89,3,5,2,4,8,0,0,0,0,0,0,3,11,1
697,1969,Graduation,Together,74918.0,0,0,2013-03-12,78,972,59,913,25,19,59,1,5,9,6,3,0,0,1,0,0,0,3,11,0
5718,1950,Graduation,Married,80763.0,0,0,2013-08-15,17,674,168,108,192,42,231,1,5,11,6,3,0,0,1,1,0,0,3,11,1
3074,1984,PhD,Married,70643.0,0,0,2012-10-15,66,1218,107,304,23,143,33,1,5,8,4,6,0,0,0,0,0,0,3,11,1
3667,1969,Graduation,Married,80952.0,0,0,2013-02-28,20,778,178,689,41,27,44,1,8,5,11,8,0,1,1,1,0,0,3,11,1
6982,1976,Graduation,Married,74068.0,0,0,2013-03-19,14,783,30,537,140,76,15,1,4,10,9,2,0,0,0,0,0,0,3,11,0
3979,1983,PhD,Divorced,90687.0,0,0,2013-05-22,98,982,17,672,23,34,51,1,6,2,8,2,0,0,1,0,0,0,3,11,1
9064,1982,Graduation,Married,69109.0,0,0,2012-11-09,10,823,25,459,124,29,95,1,6,6,7,4,0,0,1,0,0,0,3,11,1
1802,1971,Graduation,Married,64795.0,0,1,2013-01-17,23,412,5,119,38,29,77,3,3,3,12,2,0,0,0,0,0,0,3,11,0
10473,1956,PhD,Widow,78028.0,0,1,2012-09-10,38,158,19,288,25,0,38,1,6,4,9,7,0,1,1,0,0,0,3,11,1
5885,1973,2n Cycle,Married,35688.0,2,1,2012-08-22,94,73,3,90,12,1,32,7,4,1,4,8,0,0,0,0,0,0,3,11,0
1048,1972,Master,Married,35641.0,1,0,2013-07-14,11,63,3,67,8,9,28,2,3,1,4,7,0,0,0,0,0,0,3,11,1
35,1987,Graduation,Married,25545.0,1,0,2012-09-08,35,32,1,64,16,12,85,3,2,2,3,6,0,0,0,0,0,0,3,11,1
10446,1957,PhD,Married,82017.0,0,0,2012-11-07,58,184,23,446,30,23,23,1,5,4,7,2,0,1,1,1,0,0,3,11,1
8395,1961,Graduation,Single,82014.0,0,0,2012-08-20,48,980,37,265,35,163,31,1,3,6,12,6,0,0,0,0,0,0,3,11,1
5077,1979,Graduation,Together,77298.0,0,1,2013-11-02,46,425,115,292,23,35,79,1,6,6,11,3,0,0,0,0,0,0,3,11,0
3104,1961,Graduation,Single,82332.0,0,0,2012-09-17,89,830,59,968,51,79,19,1,5,3,12,2,0,0,1,0,0,0,3,11,1
10262,1980,Graduation,Married,15072.0,2,0,2013-05-10,96,8,2,15,0,10,18,4,3,1,3,5,0,0,0,0,0,0,3,11,0
10827,1967,PhD,Married,36947.0,1,1,2012-08-07,49,88,3,21,4,1,29,4,3,0,4,9,0,0,0,0,0,0,3,11,0
3706,1978,Graduation,Single,28647.0,1,0,2013-08-21,54,19,8,29,0,12,26,1,2,2,2,7,1,0,0,0,0,0,3,11,1
9797,1956,Graduation,Married,58116.0,0,1,2014-04-13,38,228,19,130,4,11,51,2,3,3,8,2,0,0,0,0,0,0,3,11,0
5538,1975,Graduation,Divorced,83829.0,0,0,2013-10-08,78,897,161,430,186,161,27,0,4,7,6,1,1,0,1,1,0,0,3,11,1
8213,1980,2n Cycle,Together,14515.0,1,0,2012-11-09,71,6,4,9,6,36,35,4,2,2,3,7,0,0,0,0,0,0,3,11,1
10955,1964,Graduation,Widow,85620.0,0,0,2014-01-07,68,416,46,925,60,107,46,1,3,6,4,1,0,0,0,0,0,0,3,11,1
4855,1974,PhD,Together,30351.0,1,0,2013-06-06,19,14,0,24,3,3,2,1,3,0,2,9,0,0,0,0,0,0,3,11,1
5336,1971,Master,Together,157733.0,1,0,2013-06-04,37,39,1,9,2,0,8,0,1,0,1,1,0,0,0,0,0,0,3,11,0
6932,1941,PhD,Married,93027.0,0,0,2013-04-13,77,1285,42,716,55,0,21,0,7,10,5,2,0,0,1,0,0,0,3,11,0
466,1944,Graduation,Married,65275.0,0,0,2013-04-03,9,388,14,218,91,14,21,1,4,3,13,2,0,0,0,0,0,0,3,11,0
8923,1973,Graduation,Single,83917.0,0,0,2013-04-18,12,514,22,732,42,198,79,1,6,7,7,3,0,0,0,0,0,0,3,11,1
1103,1976,Master,Married,81929.0,1,0,2012-09-29,60,1486,55,278,49,0,185,2,4,4,10,6,1,0,1,0,0,0,3,11,1
6818,1974,Graduation,Married,44989.0,0,1,2012-09-12,26,98,0,106,49,10,106,5,5,1,5,6,0,0,0,0,0,0,3,11,0
368,1974,Graduation,Married,40049.0,0,1,2012-11-29,61,91,65,52,10,44,28,3,3,2,6,5,0,0,0,0,0,0,3,11,0
8702,1976,2n Cycle,Together,26907.0,1,1,2013-08-20,10,9,1,7,0,3,2,2,1,0,3,7,0,0,0,0,0,0,3,11,0
7002,1955,Graduation,Single,62535.0,0,1,2013-10-03,13,163,48,90,0,45,52,1,3,2,8,3,0,0,0,0,0,0,3,11,0
7192,1955,Graduation,Together,65748.0,0,1,2013-04-15,58,172,73,93,95,78,34,2,2,4,10,1,0,0,0,0,0,1,3,11,0
5320,1973,Master,Divorced,44051.0,1,1,2013-01-29,20,79,7,58,6,3,18,4,3,1,4,6,0,0,0,0,0,0,3,11,1
9504,1949,Master,Married,81698.0,0,0,2013-11-06,4,179,28,520,111,123,47,1,3,8,13,1,0,0,0,0,0,0,3,11,1
11084,1976,Master,Together,65104.0,0,1,2013-11-14,4,738,0,232,13,20,50,2,3,5,7,7,0,0,0,0,0,0,3,11,1
9699,1966,Graduation,Divorced,67272.0,0,1,2013-12-21,12,357,35,271,28,28,14,3,6,2,12,5,0,0,0,0,0,0,3,11,0
9058,1955,Graduation,Widow,79800.0,0,0,2012-09-23,65,1060,21,530,32,0,224,1,5,11,5,3,1,0,1,1,0,0,3,11,1
3769,1972,PhD,Together,,1,0,2014-03-02,17,25,1,13,0,0,3,1,1,0,3,7,0,0,0,0,0,0,3,11,0
8779,1985,2n Cycle,Married,36145.0,1,0,2013-06-16,13,56,4,76,17,1,18,4,4,1,3,9,1,0,0,0,0,0,3,11,1
7736,1986,Graduation,Married,22518.0,1,0,2012-10-22,36,11,7,12,2,2,27,2,2,1,2,5,1,0,0,0,0,0,3,11,1
3332,1985,Graduation,Single,29760.0,1,0,2012-08-29,87,64,4,68,7,5,17,4,3,1,4,8,0,0,0,0,0,0,3,11,0
3594,1973,Master,Married,54108.0,1,1,2012-11-05,74,539,6,91,8,6,97,13,8,2,9,8,0,0,0,0,0,0,3,11,0
2798,1977,PhD,Together,102160.0,0,0,2012-11-02,54,763,29,138,76,176,58,0,7,9,10,4,0,1,1,1,0,0,3,11,1
9560,1965,Graduation,Together,83003.0,0,0,2013-03-03,18,856,61,570,40,25,122,1,7,6,8,3,0,0,1,0,0,0,3,11,1
8685,1977,Graduation,Married,42014.0,1,0,2012-08-17,56,244,15,108,4,15,50,6,7,1,6,8,0,0,0,0,0,0,3,11,1
7426,1971,2n Cycle,Married,54690.0,1,1,2013-11-07,76,111,16,37,7,9,18,3,3,1,5,3,0,0,0,0,0,0,3,11,0
4530,1948,Master,Widow,78427.0,0,0,2012-10-24,36,972,19,595,180,26,138,3,3,7,10,3,0,0,0,1,0,0,3,11,1
7500,1967,Graduation,Single,79146.0,1,1,2014-04-24,33,245,16,223,21,43,16,2,8,1,8,6,0,0,0,0,0,0,3,11,0
3262,1958,Graduation,Single,68281.0,0,0,2012-08-07,31,995,112,417,42,48,41,1,2,9,13,5,0,0,0,0,0,0,3,11,1
6609,1966,Graduation,Widow,27038.0,0,0,2012-09-18,64,1,26,25,17,23,15,1,3,0,3,9,0,0,0,0,0,0,3,11,1
6299,1968,PhD,Divorced,42564.0,0,1,2013-01-02,28,324,48,186,39,18,198,6,6,8,4,7,1,0,0,0,0,0,3,11,1
7573,1978,PhD,Single,31626.0,1,0,2013-05-10,12,39,1,9,2,1,34,1,2,1,2,7,1,0,0,0,0,0,3,11,1
255,1951,Graduation,Divorced,22263.0,1,1,2014-03-30,31,17,0,2,0,0,2,2,1,0,3,6,0,0,0,0,0,1,3,11,0
5172,1976,Master,Together,65104.0,0,1,2013-11-14,4,738,0,232,13,20,50,2,3,5,7,7,0,0,0,0,0,0,3,11,0
9909,1996,2n Cycle,Married,7500.0,0,0,2012-11-09,24,3,18,14,15,22,50,3,3,1,3,9,0,0,0,0,0,0,3,11,1
5250,1943,Master,Widow,,0,0,2013-10-30,75,532,126,490,164,126,126,1,5,5,11,1,0,0,1,0,0,0,3,11,1
6246,1953,Graduation,Single,73892.0,0,0,2013-11-13,40,703,102,601,0,58,43,1,3,11,8,1,0,0,0,0,0,0,3,11,1
3005,1992,Graduation,Single,83528.0,0,0,2014-05-01,7,530,117,678,134,44,147,1,4,10,8,1,1,0,0,1,0,0,3,11,1
195,1972,Graduation,Single,38808.0,1,0,2012-08-26,21,125,17,52,3,19,30,4,5,1,4,8,1,0,0,0,0,0,3,11,1
9516,1971,2n Cycle,Divorced,49118.0,0,0,2012-08-18,90,620,54,239,99,98,119,2,9,7,10,7,0,1,0,0,1,0,3,11,1
4186,1950,Graduation,Together,34026.0,1,1,2013-08-05,11,18,6,15,12,8,17,3,2,1,3,5,0,0,0,0,0,0,3,11,0
5636,1963,Graduation,Single,30983.0,0,0,2012-11-09,50,51,4,50,12,1,49,1,4,0,3,8,0,0,0,0,0,0,3,11,1
5830,1972,PhD,Single,86857.0,0,0,2012-09-12,96,899,102,838,133,102,40,1,5,6,10,2,0,0,0,0,0,0,3,11,1
5180,1968,PhD,Divorced,50616.0,0,1,2014-04-18,56,128,0,16,0,1,4,2,4,0,4,7,0,0,0,0,0,0,3,11,0
5113,1971,PhD,Divorced,86979.0,0,0,2013-11-07,67,584,100,835,65,83,35,1,5,5,5,2,1,0,0,0,0,0,3,11,1
10144,1976,Graduation,Together,51369.0,0,1,2012-10-25,84,297,7,79,0,11,182,2,8,2,4,8,0,0,0,0,0,0,3,11,0
3376,1970,Master,Divorced,55282.0,1,0,2013-12-13,9,125,6,73,8,4,19,1,3,1,6,4,0,0,0,0,0,0,3,11,0
10264,1979,Graduation,Divorced,15287.0,1,0,2012-10-10,60,1,2,8,4,3,13,2,1,1,2,7,1,0,0,0,0,0,3,11,1
9303,1976,Graduation,Married,5305.0,0,1,2013-07-30,12,12,4,7,1,3,5,0,1,0,0,13,0,0,0,0,0,0,3,11,0
8017,1981,2n Cycle,Married,51111.0,1,1,2014-06-19,83,22,0,19,6,5,3,2,2,0,3,6,0,0,0,0,0,0,3,11,0
8746,1989,Graduation,Married,75433.0,1,0,2014-04-05,28,800,0,297,0,34,57,2,2,5,10,6,0,1,0,1,0,0,3,11,0
967,1976,Graduation,Married,46049.0,1,1,2013-07-21,11,342,9,112,19,14,19,10,5,2,9,7,0,0,0,0,0,0,3,11,1
2130,1982,Graduation,Together,45203.0,2,0,2014-03-23,4,35,3,67,10,8,24,1,3,1,3,6,0,0,0,0,0,0,3,11,1
8275,1965,PhD,Divorced,47025.0,1,1,2014-02-09,6,16,0,3,0,0,1,1,1,0,2,7,0,0,0,0,0,0,3,11,0
9166,1968,Graduation,Married,63967.0,0,1,2013-08-09,57,387,84,141,73,35,162,3,4,4,12,2,0,0,0,0,0,0,3,11,0
3152,1957,Graduation,Together,26091.0,1,1,2014-02-25,84,15,10,19,8,17,20,3,2,1,3,5,0,0,0,0,0,0,3,11,0
10163,1984,PhD,Single,82733.0,0,0,2013-09-10,28,712,50,420,65,38,38,1,8,4,7,4,0,0,0,0,0,0,3,11,1
1146,1949,Master,Together,49912.0,0,1,2012-09-07,5,520,8,223,32,49,42,4,10,5,7,8,1,0,0,0,0,0,3,11,1
2186,1977,2n Cycle,Together,82326.0,0,0,2014-03-10,30,938,142,754,159,81,183,1,5,10,6,2,0,1,1,1,0,0,3,11,1
4646,1951,2n Cycle,Married,78497.0,0,0,2013-12-01,44,207,26,447,75,0,223,1,5,7,12,2,0,0,0,1,0,0,3,11,0
2437,1989,Graduation,Married,,0,0,2013-06-03,69,861,138,461,60,30,61,1,6,5,12,3,0,1,0,1,0,0,3,11,0
9369,1979,2n Cycle,Single,88194.0,0,1,2014-03-19,19,688,14,309,201,24,38,1,11,10,10,5,1,0,0,1,0,0,3,11,1
6637,1988,Graduation,Single,66951.0,0,0,2013-11-02,46,277,162,305,173,76,124,1,3,4,7,1,0,0,0,0,0,0,3,11,0
6260,1955,Master,Together,82384.0,0,0,2012-11-19,55,984,51,432,180,120,190,1,3,10,13,1,0,0,1,0,0,0,3,11,1
1857,1952,Graduation,Single,47139.0,1,1,2014-03-06,2,46,0,12,0,2,23,2,2,1,2,7,0,0,0,0,0,0,3,11,1
569,1991,Graduation,Single,90273.0,0,0,2013-12-14,32,704,129,853,120,74,111,1,5,6,7,2,0,1,1,1,0,0,3,11,1
3006,1976,Graduation,Divorced,30992.0,1,0,2013-04-22,83,17,0,14,7,3,2,1,1,0,3,7,0,0,0,0,0,0,3,11,0
10659,1979,2n Cycle,Together,7500.0,1,0,2013-05-07,7,2,8,11,3,8,21,4,3,2,2,7,0,0,0,0,0,0,3,11,0
1139,1984,PhD,Married,73356.0,0,0,2014-02-06,56,1050,14,322,0,14,112,1,5,11,5,2,1,0,1,1,0,0,3,11,1
2589,1972,Graduation,Divorced,26759.0,1,0,2014-02-07,65,25,3,16,8,5,2,2,2,1,3,6,0,0,0,0,0,0,3,11,0
873,1949,Master,Married,62845.0,1,1,2012-10-01,3,1099,0,45,0,0,34,11,3,4,10,8,0,1,0,0,0,0,3,11,1
7627,1975,Master,Married,92163.0,0,0,2012-12-12,25,817,183,797,106,163,20,0,5,11,5,2,0,0,1,1,0,0,3,11,1
5848,1970,Graduation,Together,81205.0,0,0,2014-01-13,43,724,74,929,97,55,130,1,5,6,7,2,1,0,1,0,1,0,3,11,1
2535,1978,Master,Married,88097.0,1,0,2012-08-18,24,163,0,480,0,126,75,1,6,5,8,9,0,1,1,1,0,0,3,11,1
1763,1988,Graduation,Together,87679.0,0,0,2013-07-27,62,1259,172,815,97,148,33,1,7,11,10,4,1,0,1,1,0,0,3,11,1
6202,1960,Graduation,Together,63381.0,0,1,2012-10-05,78,571,50,142,33,50,159,4,4,5,13,2,0,0,0,0,0,0,3,11,0
2154,1971,Graduation,Widow,30372.0,1,1,2012-12-25,33,15,0,12,7,3,7,3,2,0,3,7,0,0,0,0,0,0,3,11,0
8534,1952,Graduation,Married,67433.0,0,2,2013-07-16,51,615,28,259,12,48,30,4,6,5,13,4,0,1,0,0,0,0,3,11,0
6983,1950,Master,Divorced,38054.0,1,1,2014-05-01,24,23,2,17,2,1,0,2,2,0,3,7,0,0,0,0,0,0,3,11,0
3945,1947,PhD,Widow,68117.0,0,1,2013-03-10,80,618,44,215,0,17,36,2,11,8,4,6,1,0,0,0,0,0,3,11,1
1626,1973,PhD,Divorced,35860.0,1,1,2014-05-19,37,15,0,8,4,2,20,2,1,1,2,5,1,0,0,0,0,0,3,11,1
2217,1975,2n Cycle,Married,37284.0,1,1,2013-03-29,46,11,1,2,2,1,6,1,0,0,3,6,0,0,0,0,0,0,3,11,0
10602,1983,Graduation,Married,39922.0,1,0,2013-02-14,30,29,12,59,19,1,36,2,3,0,4,8,0,0,0,0,0,0,3,11,0
9467,1984,Graduation,Single,34738.0,1,0,2014-05-11,51,3,2,10,3,0,2,1,1,0,3,6,0,0,0,0,0,0,3,11,0
1867,1957,Graduation,Single,64849.0,0,0,2012-11-13,42,652,48,350,94,84,108,1,9,3,6,5,0,0,0,0,0,0,3,11,1
6653,1970,PhD,Married,55158.0,1,1,2012-07-30,72,293,0,87,4,11,23,4,7,2,5,7,0,0,0,0,0,0,3,11,1
821,1992,Master,Single,92859.0,0,0,2012-10-19,46,962,61,921,52,61,20,1,5,4,12,2,0,0,0,0,0,0,3,11,0
2225,1977,Graduation,Divorced,82582.0,0,0,2014-06-07,54,510,120,550,156,40,241,1,4,9,7,1,1,0,0,1,0,0,3,11,1
4437,1962,Graduation,Married,65316.0,1,1,2013-04-24,65,112,6,92,3,9,38,2,3,2,5,4,0,0,0,0,0,0,3,11,0
9220,1971,Graduation,Single,91700.0,0,0,2013-01-17,58,576,172,961,125,115,19,1,8,6,5,3,0,0,0,0,0,0,3,11,1
5991,1949,Master,Married,48150.0,0,1,2013-06-08,24,173,2,39,3,2,47,3,5,1,4,7,0,0,0,0,0,0,3,11,0
7431,1991,PhD,Single,68126.0,0,0,2012-11-10,40,1332,17,311,23,51,86,1,7,4,5,9,0,1,0,0,0,0,3,11,1
5252,1969,Graduation,Divorced,23910.0,1,0,2012-10-26,80,16,12,18,7,1,13,1,2,0,3,7,0,0,0,0,0,0,3,11,0
3310,1973,2n Cycle,Married,35688.0,2,1,2012-08-22,94,73,3,90,12,1,32,7,4,1,4,8,0,0,0,0,0,0,3,11,0
4427,1995,2n Cycle,Single,83257.0,0,0,2012-09-18,56,536,27,590,38,107,67,1,5,10,12,6,1,0,1,0,0,1,3,11,1
2980,1952,Master,Single,8820.0,1,1,2013-03-22,52,12,0,13,4,2,4,4,3,0,3,8,0,0,0,0,0,0,3,11,0
4200,1970,Master,Married,44159.0,1,0,2014-06-17,85,167,2,62,24,13,7,4,4,1,6,5,0,0,0,0,0,0,3,11,0
2807,1969,Graduation,Married,56796.0,0,1,2013-02-16,24,656,38,161,62,47,37,3,8,9,7,7,0,0,0,0,0,0,3,11,0
5153,1967,PhD,Married,77766.0,0,1,2013-02-22,97,1004,59,265,115,59,27,2,11,10,11,6,1,0,0,0,0,0,3,11,1
8619,1957,Graduation,Together,21994.0,0,1,2012-12-24,4,9,0,6,3,1,3,1,0,0,3,5,0,0,0,0,0,0,3,11,0
11096,1952,2n Cycle,Together,57247.0,0,1,2013-08-08,50,99,4,32,37,54,6,2,2,1,7,2,0,0,0,0,0,0,3,11,0
8082,1971,Graduation,Married,25721.0,1,0,2013-05-21,75,1,3,6,3,6,15,1,1,1,2,7,0,0,0,0,0,0,3,11,1
6215,1977,Graduation,Married,31353.0,1,1,2013-12-29,24,10,0,10,3,1,7,2,1,1,2,8,0,0,0,0,0,0,3,11,1
7503,1976,Graduation,Single,75825.0,0,0,2012-10-12,40,1032,105,779,137,105,51,0,5,8,9,4,1,0,0,0,0,0,3,11,1
3478,1971,PhD,Married,60585.0,1,1,2013-06-24,17,267,42,309,55,42,21,10,7,4,9,5,0,0,0,0,0,0,3,11,1
6583,1955,2n Cycle,Married,72635.0,0,0,2013-06-03,54,390,22,323,104,35,107,1,6,8,6,3,0,0,0,1,0,0,3,11,0
7042,1983,Graduation,Married,36790.0,0,0,2013-03-01,14,3,3,14,15,21,10,1,2,1,2,9,0,0,0,0,0,0,3,11,1
9,1975,Master,Single,46098.0,1,1,2012-08-18,86,57,0,27,0,0,36,4,3,2,2,8,0,0,0,0,0,0,3,11,0
8346,1974,Graduation,Single,32233.0,1,0,2012-08-19,26,138,15,35,25,11,72,2,6,2,2,9,1,0,0,0,0,0,3,11,1
1829,1961,PhD,Divorced,54959.0,0,1,2013-01-19,55,1148,0,60,0,0,24,3,9,5,4,7,0,1,0,0,0,0,3,11,1
2894,1985,Graduation,Single,72903.0,0,0,2013-10-29,74,1067,138,750,0,19,39,1,7,5,8,4,0,1,1,1,0,0,3,11,1
9491,1984,Graduation,Together,23976.0,1,0,2013-12-27,68,14,1,21,2,3,25,3,3,1,3,7,0,0,0,0,0,0,3,11,0
6497,1960,Graduation,Married,51651.0,0,1,2012-11-07,32,293,6,23,13,6,92,4,6,2,5,8,0,0,0,0,0,0,3,11,0
2426,1964,PhD,Divorced,78825.0,0,0,2012-09-14,35,483,74,114,169,37,18,1,5,10,13,3,0,0,0,0,0,0,3,11,1
7414,1971,Graduation,Married,43824.0,1,1,2012-09-15,18,96,1,42,12,3,32,4,3,1,4,8,0,0,0,0,0,0,3,11,0
123,1951,Graduation,Widow,67046.0,0,1,2013-01-06,92,544,35,133,23,151,107,2,4,5,4,2,0,0,0,0,0,0,3,11,0
4098,1973,Graduation,Married,24639.0,1,1,2014-01-28,3,20,3,16,0,4,1,3,2,0,4,6,0,0,0,0,0,0,3,11,0
3767,1968,Graduation,Married,61314.0,0,1,2013-04-25,1,378,0,189,97,172,172,2,5,5,12,3,0,0,0,0,0,0,3,11,0
2868,1949,PhD,Single,26518.0,1,1,2013-04-08,33,20,1,28,3,3,2,3,2,0,3,8,0,0,0,0,0,0,3,11,1
8545,1954,Graduation,Divorced,85683.0,0,0,2014-03-21,6,1296,17,311,45,69,51,1,2,4,10,1,0,1,1,1,1,0,3,11,1
2968,1943,PhD,Divorced,48948.0,0,0,2013-02-01,53,437,8,206,160,49,42,2,7,10,5,6,1,0,0,0,0,0,3,11,1
9014,1975,Graduation,Married,37085.0,1,1,2014-06-26,65,39,1,16,2,0,3,4,3,0,3,8,0,0,0,0,0,0,3,11,0
4290,1972,Graduation,Married,30467.0,1,0,2014-03-19,8,1,3,8,2,5,5,1,1,0,2,7,0,0,0,0,0,0,3,11,0
1162,1987,PhD,Single,42000.0,0,0,2013-01-10,23,124,83,267,85,59,35,2,5,2,11,5,0,0,0,0,0,0,3,11,1
1509,1958,PhD,Together,84460.0,0,0,2013-01-04,80,152,27,103,106,54,81,0,9,9,4,5,0,1,1,1,1,0,3,11,1
4023,1970,Graduation,Married,22979.0,1,0,2012-09-06,29,16,17,19,20,21,22,3,3,2,2,8,0,0,0,0,0,0,3,11,1
880,1966,Basic,Together,22634.0,0,0,2013-01-16,47,2,23,11,8,6,46,1,2,1,2,8,0,0,0,0,0,0,3,11,0
10001,1985,2n Cycle,Together,7500.0,1,0,2012-08-01,98,5,17,17,13,14,34,4,2,1,3,9,0,0,0,0,0,0,3,11,0
10590,1956,PhD,Together,76542.0,0,0,2013-03-30,91,794,73,573,0,29,14,1,4,8,10,2,0,0,0,0,0,0,3,11,0
4261,1946,PhD,Single,82800.0,0,0,2012-11-24,23,1006,22,115,59,68,45,1,7,6,12,3,0,0,1,1,0,0,3,11,1
4500,1991,PhD,Together,68682.0,0,0,2013-10-06,56,919,0,505,99,30,45,1,4,9,10,2,0,0,0,0,0,0,3,11,0
5207,1963,PhD,Married,53378.0,1,1,2012-09-24,41,489,6,152,8,6,132,10,9,4,6,8,0,0,0,0,0,0,3,11,1
2109,1990,Graduation,Single,96843.0,0,0,2013-04-23,60,448,71,951,40,17,17,1,6,11,10,2,0,0,1,0,0,0,3,11,1
5424,1983,Graduation,Married,39922.0,1,0,2013-02-14,30,29,12,59,19,1,36,2,3,0,4,8,0,0,0,0,0,0,3,11,0
4749,1968,Graduation,Together,58554.0,1,1,2012-09-26,55,368,24,68,38,0,88,6,8,2,6,7,0,0,0,0,0,0,3,11,0
5290,1964,PhD,Married,41551.0,1,1,2013-08-14,51,220,0,33,3,0,23,5,5,1,5,8,0,0,0,0,0,0,3,11,0
3507,1970,Graduation,Single,76467.0,1,0,2012-08-17,44,676,161,426,210,44,58,2,2,5,5,6,0,0,0,0,0,0,3,11,1
5263,1977,2n Cycle,Married,31056.0,1,0,2013-01-22,99,5,10,13,3,8,16,1,1,0,3,8,0,0,0,0,0,0,3,11,0
2612,1987,Graduation,Married,75794.0,0,0,2013-12-24,33,754,160,625,63,32,48,1,7,5,12,3,0,0,0,1,0,0,3,11,0
5667,1964,PhD,Married,60896.0,0,1,2012-10-11,90,1013,30,399,60,46,153,3,9,10,4,6,0,0,0,0,0,0,3,11,1
749,1981,Graduation,Together,42162.0,1,0,2013-11-19,31,46,7,59,2,4,27,2,3,1,3,6,1,0,0,0,0,0,3,11,1
7215,1983,Graduation,Single,101970.0,0,0,2013-03-12,69,722,27,102,44,72,168,0,6,8,13,2,0,1,1,1,0,0,3,11,1
8581,1971,Master,Married,49505.0,1,1,2013-03-05,4,604,0,100,19,0,28,9,10,2,8,8,0,0,0,0,0,0,3,11,0
4278,1983,PhD,Single,87188.0,0,0,2013-06-03,73,910,111,724,49,74,55,1,10,2,6,3,0,0,0,0,0,0,3,11,1
3524,1971,Master,Single,39763.0,1,0,2013-08-04,9,80,1,60,4,6,16,2,5,1,2,9,0,0,0,0,0,0,3,11,1
1109,1982,Master,Together,27590.0,1,0,2013-04-23,38,6,0,5,0,0,1,1,1,0,2,7,0,0,0,0,0,0,3,11,0
2861,1983,Graduation,Single,24072.0,1,0,2013-04-16,79,9,1,6,3,0,4,1,1,0,2,8,0,0,0,0,0,0,3,11,0
1859,1972,Master,Married,75251.0,0,0,2012-08-27,34,721,111,925,97,18,18,1,7,6,5,5,0,0,0,0,0,0,3,11,1
5519,1956,Graduation,Together,64090.0,0,1,2013-08-07,8,316,58,161,76,51,135,1,6,9,4,5,0,0,0,0,0,0,3,11,1
8427,1956,Master,Single,64857.0,0,0,2012-11-23,78,556,14,717,210,0,43,1,7,5,10,4,0,0,0,0,0,0,3,11,0
5831,1967,Graduation,Married,77870.0,0,1,2012-08-22,93,1017,50,500,65,50,133,3,5,5,5,8,0,1,0,1,0,0,3,11,1
3037,1983,PhD,Married,50150.0,0,0,2013-06-20,32,135,46,92,65,61,11,2,5,2,7,5,0,0,0,0,0,0,3,11,0
4329,1984,PhD,Married,18988.0,1,0,2014-05-23,43,6,0,6,2,1,1,2,1,0,3,7,0,0,0,0,0,0,3,11,0
4557,1970,Graduation,Together,22070.0,1,0,2013-10-04,11,10,7,19,8,2,21,2,2,2,2,6,0,0,0,0,0,0,3,11,0
5726,1983,Master,Single,31788.0,1,0,2014-03-20,15,16,7,23,0,8,6,3,3,0,4,5,0,0,0,0,0,1,3,11,0
